<ImportExportXml version="8.0.0001.0090" SolutionPackageVersion="8.0" languagecode="1033" generatedBy="CrmLive" xmlns:xsi="http://www.w3.org/2001/XMLSchema-instance">
  <SolutionManifest>
    <UniqueName>mumbai_mobile_creches</UniqueName>
    <LocalizedNames>
      <LocalizedName description="Mumbai Mobile Creches" languagecode="1033" />
    </LocalizedNames>
    <Descriptions>
      <Description description="Upgrade of Mumbai Mobile Creches" languagecode="1033" />
    </Descriptions>
    <Version>1.6.0.0</Version>
    <Managed>1</Managed>
    <Publisher>
      <UniqueName>ETERNUS_SOLUTIONS_CRM_DEVELOPMENT_TEAM</UniqueName>
      <LocalizedNames>
        <LocalizedName description="ETERNUS SOLUTIONS CRM DEVELOPMENT TEAM" languagecode="1033" />
      </LocalizedNames>
      <Descriptions />
      <EMailAddress>crm@eternussolutions.com</EMailAddress>
      <SupportingWebsiteUrl>http://eternussolutions.com/</SupportingWebsiteUrl>
      <CustomizationPrefix>new</CustomizationPrefix>
      <CustomizationOptionValuePrefix>10000</CustomizationOptionValuePrefix>
      <Addresses>
        <Address>
          <AddressNumber>1</AddressNumber>
          <AddressTypeCode>1</AddressTypeCode>
          <City>Pune</City>
          <County xsi:nil="true"></County>
          <Country>India</Country>
          <Fax xsi:nil="true"></Fax>
          <FreightTermsCode xsi:nil="true"></FreightTermsCode>
          <ImportSequenceNumber xsi:nil="true"></ImportSequenceNumber>
          <Latitude xsi:nil="true"></Latitude>
          <Line1>Eternus Solutions, 7th Floor</Line1>
          <Line2>NSG IT PARK, Aundh</Line2>
          <Line3 xsi:nil="true"></Line3>
          <Longitude xsi:nil="true"></Longitude>
          <Name xsi:nil="true"></Name>
          <PostalCode>414007</PostalCode>
          <PostOfficeBox xsi:nil="true"></PostOfficeBox>
          <PrimaryContactName xsi:nil="true"></PrimaryContactName>
          <ShippingMethodCode>1</ShippingMethodCode>
          <StateOrProvince>Maharashtra</StateOrProvince>
          <Telephone1>020 6050 6055</Telephone1>
          <Telephone2 xsi:nil="true"></Telephone2>
          <Telephone3 xsi:nil="true"></Telephone3>
          <TimeZoneRuleVersionNumber xsi:nil="true"></TimeZoneRuleVersionNumber>
          <UPSZone xsi:nil="true"></UPSZone>
          <UTCOffset xsi:nil="true"></UTCOffset>
          <UTCConversionTimeZoneCode xsi:nil="true"></UTCConversionTimeZoneCode>
        </Address>
        <Address>
          <AddressNumber>2</AddressNumber>
          <AddressTypeCode>1</AddressTypeCode>
          <City xsi:nil="true"></City>
          <County xsi:nil="true"></County>
          <Country xsi:nil="true"></Country>
          <Fax xsi:nil="true"></Fax>
          <FreightTermsCode xsi:nil="true"></FreightTermsCode>
          <ImportSequenceNumber xsi:nil="true"></ImportSequenceNumber>
          <Latitude xsi:nil="true"></Latitude>
          <Line1 xsi:nil="true"></Line1>
          <Line2 xsi:nil="true"></Line2>
          <Line3 xsi:nil="true"></Line3>
          <Longitude xsi:nil="true"></Longitude>
          <Name xsi:nil="true"></Name>
          <PostalCode xsi:nil="true"></PostalCode>
          <PostOfficeBox xsi:nil="true"></PostOfficeBox>
          <PrimaryContactName xsi:nil="true"></PrimaryContactName>
          <ShippingMethodCode>1</ShippingMethodCode>
          <StateOrProvince xsi:nil="true"></StateOrProvince>
          <Telephone1 xsi:nil="true"></Telephone1>
          <Telephone2 xsi:nil="true"></Telephone2>
          <Telephone3 xsi:nil="true"></Telephone3>
          <TimeZoneRuleVersionNumber xsi:nil="true"></TimeZoneRuleVersionNumber>
          <UPSZone xsi:nil="true"></UPSZone>
          <UTCOffset xsi:nil="true"></UTCOffset>
          <UTCConversionTimeZoneCode xsi:nil="true"></UTCConversionTimeZoneCode>
        </Address>
      </Addresses>
    </Publisher>
    <RootComponents>
      <RootComponent type="1" schemaName="activitypointer" behavior="0" />
      <RootComponent type="1" schemaName="fieldpermission" behavior="0" />
      <RootComponent type="1" schemaName="new_chaipanimee" behavior="0" />
      <RootComponent type="1" schemaName="new_chaipanimeeting" behavior="0" />
      <RootComponent type="1" schemaName="new_communityoutreachattendees" behavior="0" />
      <RootComponent type="1" schemaName="new_communityoutreachmaster" behavior="0" />
      <RootComponent type="1" schemaName="new_dailyattendance" behavior="0" />
      <RootComponent type="1" schemaName="new_illness_specialdietmaster" behavior="0" />
      <RootComponent type="1" schemaName="new_immunization" behavior="0" />
      <RootComponent type="1" schemaName="new_immunizationmaster" behavior="0" />
      <RootComponent type="1" schemaName="new_knownlanguagemaster" behavior="0" />
      <RootComponent type="1" schemaName="new_lokdootmaster" behavior="0" />
      <RootComponent type="1" schemaName="new_maternalandpaternalrelation" behavior="0" />
      <RootComponent type="1" schemaName="new_outingpicnicmaster" behavior="0" />
      <RootComponent type="1" schemaName="new_schooldetailmaster" behavior="0" />
      <RootComponent type="1" schemaName="new_siblingmaster" behavior="0" />
      <RootComponent type="1" schemaName="new_studentclasspromotion" behavior="0" />
      <RootComponent type="1" schemaName="new_studentcodecounter" behavior="0" />
      <RootComponent type="1" schemaName="new_studentmaster" behavior="0" />
      <RootComponent type="1" schemaName="task" behavior="0" />
      <RootComponent type="9" schemaName="new_gbl_cast_optionset" behavior="0" />
      <RootComponent type="9" schemaName="new_gbl_class_optionset" behavior="0" />
      <RootComponent type="9" schemaName="new_gbl_district_optionset" behavior="0" />
      <RootComponent type="9" schemaName="new_gbl_educationoptionset" behavior="0" />
      <RootComponent type="9" schemaName="new_gbl_familystatus_optionset" behavior="0" />
      <RootComponent type="9" schemaName="new_gbl_gender_optionset" behavior="0" />
      <RootComponent type="9" schemaName="new_gbl_language_optionset" behavior="0" />
      <RootComponent type="9" schemaName="new_gbl_occupation_optionset" behavior="0" />
      <RootComponent type="9" schemaName="new_gbl_religion_optionset" behavior="0" />
      <RootComponent type="9" schemaName="new_gbl_state_optionset" behavior="0" />
      <RootComponent type="9" schemaName="new_gbl_vaccines_optionset" behavior="0" />
      <RootComponent type="9" schemaName="new_parentmonthlyincome" behavior="0" />
      <RootComponent type="9" schemaName="new_relationoptionset" behavior="0" />
      <RootComponent type="9" schemaName="new_studentclass" behavior="0" />
      <RootComponent type="9" schemaName="new_treatmentmedicationsprescribed" behavior="0" />
      <RootComponent type="20" id="{05b3b4e2-82e7-e511-80f4-3863bb2efdc0}" behavior="0" />
      <RootComponent type="20" id="{7f7909f6-ebe5-e511-80ee-3863bb2eddf8}" behavior="0" />
      <RootComponent type="29" id="{00556b57-dce5-e511-80f3-3863bb2e3ae8}" behavior="0" />
      <RootComponent type="29" id="{04ba740e-ac93-4b94-b348-f3cd3e5ea2d0}" behavior="0" />
      <RootComponent type="29" id="{08ac72b5-dae5-e511-80f3-3863bb2e3ae8}" behavior="0" />
      <RootComponent type="29" id="{1e72d772-888e-4195-8170-a393e415866d}" behavior="0" />
      <RootComponent type="29" id="{219edf1a-35e8-4fa8-bf4e-76c242412860}" behavior="0" />
      <RootComponent type="29" id="{2af2b664-5e05-e611-80f5-3863bb2e3ae8}" behavior="0" />
      <RootComponent type="29" id="{2c5af4fd-09ed-e511-80f4-3863bb2efdc0}" behavior="0" />
      <RootComponent type="29" id="{322d5971-5022-498a-9a49-ffa070f46d84}" behavior="0" />
      <RootComponent type="29" id="{32684f5b-0943-421d-8368-dc4db0f7f6aa}" behavior="0" />
      <RootComponent type="29" id="{3636b6bf-4101-e611-80ef-3863bb340c28}" behavior="0" />
      <RootComponent type="29" id="{3c2be77d-1705-4572-8f9a-7e90d16d7d3e}" behavior="0" />
      <RootComponent type="29" id="{3d234172-c180-4c2a-867f-808fc985a1d4}" behavior="0" />
      <RootComponent type="29" id="{468890ea-53a9-4d2d-a7a2-8b804d9caf9a}" behavior="0" />
      <RootComponent type="29" id="{4c483717-cb5a-4310-b4db-77e86dee6f8a}" behavior="0" />
      <RootComponent type="29" id="{4fd82652-b206-e611-80f6-3863bb2e3ae8}" behavior="0" />
      <RootComponent type="29" id="{502fa022-e9d5-4b2e-b46b-e5c3447a5b64}" behavior="0" />
      <RootComponent type="29" id="{515cf3d2-0aed-e511-80f4-3863bb2efdc0}" behavior="0" />
      <RootComponent type="29" id="{554300b7-ba06-e611-80f6-3863bb2e3ae8}" behavior="0" />
      <RootComponent type="29" id="{556ea8ac-01ed-e511-80ed-3863bb340c28}" behavior="0" />
      <RootComponent type="29" id="{58db8ea7-0aed-e511-80f4-3863bb2efdc0}" behavior="0" />
      <RootComponent type="29" id="{61a89e77-f2ec-e511-80ed-3863bb340c28}" behavior="0" />
      <RootComponent type="29" id="{66fd5797-e7ff-e511-80ef-3863bb340c28}" behavior="0" />
      <RootComponent type="29" id="{6905cae3-dbec-e511-80ed-3863bb340c28}" behavior="0" />
      <RootComponent type="29" id="{7cddda56-0bd2-4993-90e2-222632674a66}" behavior="0" />
      <RootComponent type="29" id="{85cdb5c7-242e-47d6-b8b2-af69d6d22c58}" behavior="0" />
      <RootComponent type="29" id="{8af6c471-7bc3-4fc6-8f63-c1ea415cda20}" behavior="0" />
      <RootComponent type="29" id="{9181a59a-fdef-e511-80f4-3863bb2e3ae8}" behavior="0" />
      <RootComponent type="29" id="{94072833-0aed-e511-80f4-3863bb2efdc0}" behavior="0" />
      <RootComponent type="29" id="{940bd061-2b09-e611-80f7-3863bb2e3ae8}" behavior="0" />
      <RootComponent type="29" id="{987f07e7-9949-4ab1-9804-3c1ad5039af1}" behavior="0" />
      <RootComponent type="29" id="{a8fa78ad-e6ff-e511-80f0-3863bb2eddf8}" behavior="0" />
      <RootComponent type="29" id="{b85240a4-0cde-4133-96b8-b22ab45232c4}" behavior="0" />
      <RootComponent type="29" id="{ca76664c-e7ff-e511-80ef-3863bb340c28}" behavior="0" />
      <RootComponent type="29" id="{cd6254c2-19d1-492c-919e-f6f1f512c2f3}" behavior="0" />
      <RootComponent type="29" id="{d8ccdd1c-2306-e611-80f5-3863bb2e3ae8}" behavior="0" />
      <RootComponent type="29" id="{e02830b2-b320-47c9-b3b5-7455d81fb678}" behavior="0" />
      <RootComponent type="60" id="{0a71b800-f1b4-4cdd-98b0-2cfb7c803b85}" behavior="0" />
      <RootComponent type="60" id="{16654191-19ad-48ca-9e46-c4b4fbdad76f}" behavior="0" />
      <RootComponent type="60" id="{181f9e21-03f1-467b-adfc-705dc2ba0790}" behavior="0" />
      <RootComponent type="60" id="{284f0e54-e2cc-40a1-a595-92249a98e071}" behavior="0" />
      <RootComponent type="60" id="{33439b55-0396-4cac-bedf-ae05b9e88ae7}" behavior="0" />
      <RootComponent type="60" id="{4c34d049-5fc4-4173-9c78-2b03842f09e5}" behavior="0" />
      <RootComponent type="60" id="{4cae2765-916d-4661-a088-08db4bceb7b4}" behavior="0" />
      <RootComponent type="60" id="{554fa441-98f9-4f23-9973-f40e52d95129}" behavior="0" />
      <RootComponent type="60" id="{5e68190a-e540-40be-bc2d-7a2b8124e7f0}" behavior="0" />
      <RootComponent type="60" id="{5f957c10-2e7c-470b-a127-3b7c8ed4fc30}" behavior="0" />
      <RootComponent type="60" id="{71f9c86c-fd09-4b38-bb94-bf5dbc678a17}" behavior="0" />
      <RootComponent type="60" id="{755c7a1d-775f-4d75-99fb-f620a080d1b4}" behavior="0" />
      <RootComponent type="60" id="{7c88f1a2-bf73-493d-9499-d972fdbe223e}" behavior="0" />
      <RootComponent type="60" id="{7ca8903e-d1ef-4d44-b7c8-c215d648ad46}" behavior="0" />
      <RootComponent type="60" id="{815c4f29-2dff-e511-80f6-3863bb2efdc0}" behavior="0" />
      <RootComponent type="60" id="{8739049d-46b3-449a-87e1-11a94366680f}" behavior="0" />
      <RootComponent type="60" id="{a04b0cec-e474-4b2b-8960-bceeab108ef8}" behavior="0" />
      <RootComponent type="60" id="{b5eae89c-5c8d-4da8-b784-2be7bd40bff3}" behavior="0" />
      <RootComponent type="60" id="{b8f61391-e672-452d-b069-c17490815b27}" behavior="0" />
      <RootComponent type="60" id="{c6bbf891-50ff-e511-80f6-3863bb2efdc0}" behavior="0" />
      <RootComponent type="60" id="{c762b6a4-e50e-4f26-9efb-25e38dadfa31}" behavior="0" />
      <RootComponent type="60" id="{c972554a-e1ae-4931-980a-189e6b43001f}" behavior="0" />
      <RootComponent type="60" id="{d6c242ab-35f5-4be4-8c89-5d59012f74d1}" behavior="0" />
      <RootComponent type="60" id="{d8ce4485-c932-40d4-8f07-84324f29e1e2}" behavior="0" />
      <RootComponent type="60" id="{e002a04a-a782-4ea3-ab37-27284b4ed635}" behavior="0" />
      <RootComponent type="60" id="{e72a6491-7acd-4805-a582-39ff6622b392}" behavior="0" />
      <RootComponent type="60" id="{ed5737d3-2441-4f25-9cf6-f44bb0cdbf46}" behavior="0" />
      <RootComponent type="61" schemaName="mag_/css/notify.css" behavior="0" />
      <RootComponent type="61" schemaName="mag_/img/notify.png" behavior="0" />
      <RootComponent type="61" schemaName="mag_/img/notify_load.gif" behavior="0" />
      <RootComponent type="61" schemaName="mag_/js/notify.js" behavior="0" />
      <RootComponent type="61" schemaName="new_ChaiPaniMeetingIcon16" behavior="0" />
      <RootComponent type="61" schemaName="new_ChaiPaniMeetingIcon32" behavior="0" />
      <RootComponent type="61" schemaName="new_CommunityOutreachLogo16" behavior="0" />
      <RootComponent type="61" schemaName="new_CommunityOutreachLogo32" behavior="0" />
      <RootComponent type="61" schemaName="new_CommunityOutreachLogoICO" behavior="0" />
      <RootComponent type="61" schemaName="new_DailyAttendence16" behavior="0" />
      <RootComponent type="61" schemaName="new_DailyAttendence32" behavior="0" />
      <RootComponent type="61" schemaName="new_gatherarealogo" behavior="0" />
      <RootComponent type="61" schemaName="new_getCenter" behavior="0" />
      <RootComponent type="61" schemaName="new_healtharealogo" behavior="0" />
      <RootComponent type="61" schemaName="new_illnessanddietlogo16" behavior="0" />
      <RootComponent type="61" schemaName="new_illnessanddietlogo32" behavior="0" />
      <RootComponent type="61" schemaName="new_illnessanddietlogoICO" behavior="0" />
      <RootComponent type="61" schemaName="new_Immunization32" behavior="0" />
      <RootComponent type="61" schemaName="new_ImmunizationICO" behavior="0" />
      <RootComponent type="61" schemaName="new_ImmunizationLogo" behavior="0" />
      <RootComponent type="61" schemaName="new_Immunizationmaster32" behavior="0" />
      <RootComponent type="61" schemaName="new_JQuery_1.11.3.js" behavior="0" />
      <RootComponent type="61" schemaName="new_mmcarealogo" behavior="0" />
      <RootComponent type="61" schemaName="new_NotifyExistingStudent.js" behavior="0" />
      <RootComponent type="61" schemaName="new_OutingPicnicLogo16" behavior="0" />
      <RootComponent type="61" schemaName="new_OutingPicnicLogo32" behavior="0" />
      <RootComponent type="61" schemaName="new_OutingPicnicLogoICO" behavior="0" />
      <RootComponent type="61" schemaName="new_saveRecordOnTabChange" behavior="0" />
      <RootComponent type="61" schemaName="new_Schooldetials_StateDependentOptionSetConfig.xml" behavior="0" />
      <RootComponent type="61" schemaName="new_SDK.DependentOptionSet.js" behavior="0" />
      <RootComponent type="61" schemaName="new_SetChaiPaniMeetingOptionSet" behavior="0" />
      <RootComponent type="61" schemaName="new_SetOpenDayOptionSet" behavior="0" />
      <RootComponent type="61" schemaName="new_StateDependentOptionSetConfig.xml" behavior="0" />
      <RootComponent type="61" schemaName="new_StudentMasterLogo" behavior="0" />
      <RootComponent type="61" schemaName="new_StudentMasterLogo32" behavior="0" />
      <RootComponent type="61" schemaName="new_StudentMasterLogoICO" behavior="0" />
      <RootComponent type="61" schemaName="new_Validate_TimeOnly" behavior="0" />
      <RootComponent type="61" schemaName="new_ValidationOnAllForms" behavior="0" />
      <RootComponent type="62" behavior="0" />
      <RootComponent type="70" id="{fc0609d1-dff4-e511-80f5-3863bb2efdc0}" behavior="0" />
      <RootComponent type="91" schemaName="AssigningOwnershipToBUuser, Version=1.0.0.0, Culture=neutral, PublicKeyToken=39fe9fbeed6e768e" behavior="0" />
    </RootComponents>
    <MissingDependencies>
      <MissingDependency>
        <Required key="2" type="1" schemaName="msdyn_postruleconfig" displayName="Post Rule Configuration" solution="ActivityFeedsCore (8.0.0.0)" />
        <Dependent key="3" type="62" id="{7b7059c5-95d9-e511-80f5-3863bb2e3e40}" />
      </MissingDependency>
      <MissingDependency>
        <Required key="4" type="1" schemaName="mbs_pluginprofile" displayName="Plug-in Profile" solution="PluginProfiler (2.0.0.0)" />
        <Dependent key="3" type="62" id="{7b7059c5-95d9-e511-80f5-3863bb2e3e40}" />
      </MissingDependency>
      <MissingDependency>
        <Required key="5" type="1" schemaName="msdyn_postconfig" displayName="Post Configuration" solution="ActivityFeedsCore (8.0.0.0)" />
        <Dependent key="3" type="62" id="{7b7059c5-95d9-e511-80f5-3863bb2e3e40}" />
      </MissingDependency>
    </MissingDependencies>
  </SolutionManifest>
</ImportExportXml>